projectid,filename,character_count,extracted_units,extraction_status
P125728,P125728_621921468190165214.txt,487822,6,success
"P131327,P126773","P131327,P126773_384881468004845455.txt",528541,12,success
P143307,P143307_128481468186843607.txt,506651,13,success
P149377,P149377_865851467994666409.txt,309875,5,success
P149969,P149969_443971468171858975.txt,307982,7,success
P150374,P150374_965101617648211610.txt,160487,5,success
P151469,P151469_533151467994709520.txt,459216,11,success
P151909,P151909_939151521424843300.txt,489635,13,success
P153349,P153349_479301472176839024.txt,532877,13,success
P153370,P153370_188161490925693287.txt,356717,15,success
P154807,P154807_965001467305866621.txt,593059,5,success
P154861,P154861_247961467989558934.txt,249426,8,success
P154908,P154908_733931477792862397.txt,449448,13,success
P155947,P155947_943381468184788716.txt,218634,2,success
P156738,P156738_557881481058327088.txt,283884,9,success
P156739,P156739_396521480341774181.txt,172948,0,no_units_detected
P157206,P157206_158861522699104205.txt,458397,6,success
P157473,P157473_171591491098416009.txt,171175,11,success
P157782,P157782_866861498788169111.txt,254718,4,success
P159761,P159761_188861492394485048.txt,381580,0,no_units_detected
P160009,P160009_212451501293669530.txt,428430,4,success
P160033,P160033_374901487522968695.txt,418278,8,success
P160672,P160672_872861558404136414.txt,323527,4,success
P161364,P161364_207671530329469779.txt,376330,8,success
P161387,P161387_227841505008834515.txt,495240,0,no_units_detected
P161477,P161477_201751583719244867.txt,288334,3,success
P161490,P161490_951451492698919112.txt,423253,9,success
P161730,P161730_523711498096989898.txt,391400,10,success
P161777,P161777_556331558836037864.txt,333500,13,success
P161781,P161781_380541494208832823.txt,400267,16,success
P162783,P162783_798141591296753411.txt,189906,10,success
P163836,P163836_860371591125380263.txt,381819,6,success
P164486,P164486_365131545447708445.txt,422034,4,success
P164509,P164509_682971561341777240.txt,441917,10,success
P164551,P164551_690511544238091029.txt,331489,0,no_units_detected
P164665,P164665_758341540692513115.txt,333309,13,success
P164967,P164967_803721589594576936.txt,464798,0,no_units_detected
P167543,P167543_315991594519247904.txt,350176,3,success
P167945,P167945_559331567476034257.txt,420864,14,success
P168772,P168772_871101641912542320.txt,506819,13,success
P170213,P170213_507581625968850128.txt,337406,5,success
P170384,P170384_949841560736884940.txt,399703,0,no_units_detected
P171189,P171189_905791655214311962.txt,225959,2,success
P171933,P171933_854351631220785974.txt,538610,18,success
P172425,P172425_464261624759354550.txt,528777,14,success
P173240,P173240_099350001182233236.txt,359132,14,success
P173813,P173813_197511589210291563.txt,161667,12,success
P174171,P174171_099012624174578070.txt,130786,11,success
P175295,P175295_155911641923217442.txt,347393,6,success
P177094,P177094_099051724084511173.txt,313871,17,success
P178043,P178043_953151648602131070.txt,228289,10,success
P178954,P178954_099190503062323094.txt,267041,3,success
P179414,P179414_099052623140041067.txt,265364,13,success
P180059,P180059_099092225092021892.txt,334858,10,success
P180117,P180117_099051223155015591.txt,247264,9,success
P180906,P180906_099051925183579823.txt,232840,9,success
P507207,P507207_099111925171512592.txt,231359,4,success
P507443,P507443_099091625171529631.txt,174464,8,success
P507935,P507935_099032025211080158.txt,185206,9,success
P509890,P509890_099053025082021017.txt,158491,4,success
